
--------------------------------------------------------------------------------------------------------------------------------------
--------------------------------------------------------------------------------------------------------------------------------------
--- INSERTAR EN ESTE ORDEN--

------------- SUPERMERCADOS --------------
INSERT INTO SUPERMERCADO(NITSUPERMERCADO,NOMBRE,CORREOELECTRONICO,DIRECCION)
VALUES(1,'JUMBO','JUMBO@CORREO.COM','CALLE 1 67G - 8');
INSERT INTO SUPERMERCADO(NITSUPERMERCADO,NOMBRE,CORREOELECTRONICO,DIRECCION)
VALUES(2,'EXITO','EXITO@CORREO.COM','CALLE 13 67G - 8');
INSERT INTO SUPERMERCADO(NITSUPERMERCADO,NOMBRE,CORREOELECTRONICO,DIRECCION)
VALUES(3,'METRO','METRO@CORREO.COM','CALLE 15 67G - 8');
INSERT INTO SUPERMERCADO(NITSUPERMERCADO,NOMBRE,CORREOELECTRONICO,DIRECCION)
VALUES(4,'ALKOSTO','ALKOSTO@CORREO.COM','CALLE 81 67G - 8');
INSERT INTO SUPERMERCADO(NITSUPERMERCADO,NOMBRE,CORREOELECTRONICO,DIRECCION)
VALUES(5,'JUMBO','JUMBO2@CORREO.COM','CALLE 1 67G - 8');
INSERT INTO SUPERMERCADO(NITSUPERMERCADO,NOMBRE,CORREOELECTRONICO,DIRECCION)
VALUES(6,'EXITO','EXITO2@CORREO.COM','CALLE 1 67G - 8');
INSERT INTO SUPERMERCADO(NITSUPERMERCADO,NOMBRE,CORREOELECTRONICO,DIRECCION)
VALUES(7,'ALKOSTO','ALKOSTO2@CORREO.COM','CALLE 15 67G - 8');
INSERT INTO SUPERMERCADO(NITSUPERMERCADO,NOMBRE,CORREOELECTRONICO,DIRECCION)
VALUES(8,'METRO','METRO2@CORREO.COM','CALLE 71 67G - 8');
INSERT INTO SUPERMERCADO(NITSUPERMERCADO,NOMBRE,CORREOELECTRONICO,DIRECCION)
VALUES(9,'CARULLA','CARULLA@CORREO.COM','CALLE 1 67G - 78');
INSERT INTO SUPERMERCADO(NITSUPERMERCADO,NOMBRE,CORREOELECTRONICO,DIRECCION)
VALUES(10,'D1','D1@CORREO.COM','CALLE 221 67G - 8');
INSERT INTO SUPERMERCADO(NITSUPERMERCADO,NOMBRE,CORREOELECTRONICO,DIRECCION)
VALUES(11,'EXITO','EXITO3@CORREO.COM','CALLE 114 67G - 8');
INSERT INTO SUPERMERCADO(NITSUPERMERCADO,NOMBRE,CORREOELECTRONICO,DIRECCION)
VALUES(12,'ALKOSTO','ALKOSTO3@CORREO.COM','CALLE 411 67G - 8');
INSERT INTO SUPERMERCADO(NITSUPERMERCADO,NOMBRE,CORREOELECTRONICO,DIRECCION)
VALUES(13,'CARULLA','CARULLA2@CORREO.COM','CALLE 151 67G - 8');
INSERT INTO SUPERMERCADO(NITSUPERMERCADO,NOMBRE,CORREOELECTRONICO,DIRECCION)
VALUES(14,'ARA','ARA@CORREO.COM','CALLE 1 67G - 8');
INSERT INTO SUPERMERCADO(NITSUPERMERCADO,NOMBRE,CORREOELECTRONICO,DIRECCION)
VALUES(15,'CARULLA','CARULLA3@CORREO.COM','CALLE 161 67G - 8');
INSERT INTO SUPERMERCADO(NITSUPERMERCADO,NOMBRE,CORREOELECTRONICO,DIRECCION)
VALUES(16,'METRO','METRO3@CORREO.COM','CALLE 1 67G - 861');
INSERT INTO SUPERMERCADO(NITSUPERMERCADO,NOMBRE,CORREOELECTRONICO,DIRECCION)
VALUES(17,'JUMBO','JUMBO3@CORREO.COM','CALLE 1 67G - 83');
INSERT INTO SUPERMERCADO(NITSUPERMERCADO,NOMBRE,CORREOELECTRONICO,DIRECCION)
VALUES(18,'EXITO','EXITO4@CORREO.COM','CALLE 1 673G - 8');
INSERT INTO SUPERMERCADO(NITSUPERMERCADO,NOMBRE,CORREOELECTRONICO,DIRECCION)
VALUES(19,'ALKOSTO','ALKOSTO4@CORREO.COM','CALLE 15 67G - 68');
INSERT INTO SUPERMERCADO(NITSUPERMERCADO,NOMBRE,CORREOELECTRONICO,DIRECCION)
VALUES(20,'CARULLA','CARULLA4@CORREO.COM','CALLE 13 67G - 863');
----------------- SUCURSALES ----------------------
INSERT INTO SUCURSAL(ID,NOMBRE,CIUDAD,DIRECCION,SEGMENTACIONDEMERCADO,TAMANIOINSTALACION,NITSUPERMERCADO)
VALUES(1,'JUMBO 1','BOGOTA','CALLE 1 67G - 8', 'JOVENES', 'GRANDE', 1);
INSERT INTO SUCURSAL(ID,NOMBRE,CIUDAD,DIRECCION,SEGMENTACIONDEMERCADO,TAMANIOINSTALACION,NITSUPERMERCADO)
VALUES(2,'EXITO 1','BOGOTA','CALLE 13 67G - 8', 'JOVENES', 'MEDIO', 2);
INSERT INTO SUCURSAL(ID,NOMBRE,CIUDAD,DIRECCION,SEGMENTACIONDEMERCADO,TAMANIOINSTALACION,NITSUPERMERCADO)
VALUES(3,'METRO 1','BOGOTA','CALLE 15 67G - 8', 'ADULTOS', 'PEQUEÑO', 3);
INSERT INTO SUCURSAL(ID,NOMBRE,CIUDAD,DIRECCION,SEGMENTACIONDEMERCADO,TAMANIOINSTALACION,NITSUPERMERCADO)
VALUES(4,'ALKOSTO 1','BOGOTA','CALLE 81 67G - 8', 'JOVENES', 'GRANDE', 4);
INSERT INTO SUCURSAL(ID,NOMBRE,CIUDAD,DIRECCION,SEGMENTACIONDEMERCADO,TAMANIOINSTALACION,NITSUPERMERCADO)
VALUES(5,'JUMBO 2','BOGOTA','CALLE 1 67G - 8', 'JOVENES', 'GRANDE', 5);
INSERT INTO SUCURSAL(ID,NOMBRE,CIUDAD,DIRECCION,SEGMENTACIONDEMERCADO,TAMANIOINSTALACION,NITSUPERMERCADO)
VALUES(6,'EXITO 2','BOGOTA','CALLE 1 67G - 8', 'JOVENES', 'GRANDE', 6);
INSERT INTO SUCURSAL(ID,NOMBRE,CIUDAD,DIRECCION,SEGMENTACIONDEMERCADO,TAMANIOINSTALACION,NITSUPERMERCADO)
VALUES(7,'ALKOSTO 2','BOGOTA','CALLE 15 67G - 8', 'ADULTOS', 'MEDIO', 7);
INSERT INTO SUCURSAL(ID,NOMBRE,CIUDAD,DIRECCION,SEGMENTACIONDEMERCADO,TAMANIOINSTALACION,NITSUPERMERCADO)
VALUES(8,'METRO 2','BOGOTA','CALLE 71 67G - 8', 'JOVENES', 'GRANDE',8);
INSERT INTO SUCURSAL(ID,NOMBRE,CIUDAD,DIRECCION,SEGMENTACIONDEMERCADO,TAMANIOINSTALACION,NITSUPERMERCADO)
VALUES(9,'CARULLA 1','BOGOTA','CALLE 1 67G - 78', 'ADULTOS', 'MEDIO', 9);
INSERT INTO SUCURSAL(ID,NOMBRE,CIUDAD,DIRECCION,SEGMENTACIONDEMERCADO,TAMANIOINSTALACION,NITSUPERMERCADO)
VALUES(10,'D1 1','BOGOTA','CALLE 221 67G - 8', 'JOVENES', 'GRANDE', 10);
INSERT INTO SUCURSAL(ID,NOMBRE,CIUDAD,DIRECCION,SEGMENTACIONDEMERCADO,TAMANIOINSTALACION,NITSUPERMERCADO)
VALUES(11,'EXITO 3','BOGOTA','CALLE 114 67G - 8', 'JOVENES', 'MEDIO', 11);
INSERT INTO SUCURSAL(ID,NOMBRE,CIUDAD,DIRECCION,SEGMENTACIONDEMERCADO,TAMANIOINSTALACION,NITSUPERMERCADO)
VALUES(12,'ALKOSTO 3','BOGOTA','CALLE 411 67G - 8', 'JOVENES', 'PEQUEÑO', 12);
INSERT INTO SUCURSAL(ID,NOMBRE,CIUDAD,DIRECCION,SEGMENTACIONDEMERCADO,TAMANIOINSTALACION,NITSUPERMERCADO)
VALUES(13,'CARULLA 2','BOGOTA','CALLE 151 67G - 8', 'ADULTOS', 'GRANDE', 13);
INSERT INTO SUCURSAL(ID,NOMBRE,CIUDAD,DIRECCION,SEGMENTACIONDEMERCADO,TAMANIOINSTALACION,NITSUPERMERCADO)
VALUES(14,'ARA 1','BOGOTA','CALLE 1 67G - 8', 'JOVENES', 'PEQUEÑO', 14);
INSERT INTO SUCURSAL(ID,NOMBRE,CIUDAD,DIRECCION,SEGMENTACIONDEMERCADO,TAMANIOINSTALACION,NITSUPERMERCADO)
VALUES(15,'CARULLA 3','BOGOTA','CALLE 161 67G - 8', 'ADULTOS', 'GRANDE', 15);
INSERT INTO SUCURSAL(ID,NOMBRE,CIUDAD,DIRECCION,SEGMENTACIONDEMERCADO,TAMANIOINSTALACION,NITSUPERMERCADO)
VALUES(16,'METRO 3','BOGOTA','CALLE 1 67G - 861', 'JOVENES', 'PEQUEÑO', 16);
INSERT INTO SUCURSAL(ID,NOMBRE,CIUDAD,DIRECCION,SEGMENTACIONDEMERCADO,TAMANIOINSTALACION,NITSUPERMERCADO)
VALUES(17,'JUMBO 3','BOGOTA','CALLE 1 67G - 83', 'JOVENES', 'PEQUEÑO', 17);
INSERT INTO SUCURSAL(ID,NOMBRE,CIUDAD,DIRECCION,SEGMENTACIONDEMERCADO,TAMANIOINSTALACION,NITSUPERMERCADO)
VALUES(18,'EXITO 4','BOGOTA','CALLE 1 673G - 8', 'ADULTOS', 'GRANDE', 18);
INSERT INTO SUCURSAL(ID,NOMBRE,CIUDAD,DIRECCION,SEGMENTACIONDEMERCADO,TAMANIOINSTALACION,NITSUPERMERCADO)
VALUES(19,'ALKOSTO 4','BOGOTA','CALLE 15 67G - 68', 'JOVENES', 'MEDIO', 19);
INSERT INTO SUCURSAL(ID,NOMBRE,CIUDAD,DIRECCION,SEGMENTACIONDEMERCADO,TAMANIOINSTALACION,NITSUPERMERCADO)
VALUES(20,'CARULLA 4','BOGOTA','CALLE 13 67G - 863', 'ADULTOS', 'GRANDE', 20);
---------------------CONTENEDOR -------------------
INSERT INTO CONTENEDOR (ID, CAPACIDADVOLUMEN, CAPACIDADPESO, UNIDADESPESO, UNIDADESVOLUMEN,IDBODEGASUCURSAL)
VALUES (1,25,35,'kg','metros',1);
INSERT INTO CONTENEDOR (ID, CAPACIDADVOLUMEN, CAPACIDADPESO, UNIDADESPESO, UNIDADESVOLUMEN,IDBODEGASUCURSAL)
VALUES (2,14,335,'kg','metros',3);
INSERT INTO CONTENEDOR (ID, CAPACIDADVOLUMEN, CAPACIDADPESO, UNIDADESPESO, UNIDADESVOLUMEN,IDBODEGASUCURSAL)
VALUES (3,225,395,'kg','metros',4);
INSERT INTO CONTENEDOR (ID, CAPACIDADVOLUMEN, CAPACIDADPESO, UNIDADESPESO, UNIDADESVOLUMEN,IDBODEGASUCURSAL)
VALUES (4,235,835,'kg','metros',5);
INSERT INTO CONTENEDOR (ID, CAPACIDADVOLUMEN, CAPACIDADPESO, UNIDADESPESO, UNIDADESVOLUMEN,IDBODEGASUCURSAL)
VALUES (5,265,735,'kg','metros',6);
INSERT INTO CONTENEDOR (ID, CAPACIDADVOLUMEN, CAPACIDADPESO, UNIDADESPESO, UNIDADESVOLUMEN,IDBODEGASUCURSAL)
VALUES (6,265,635,'kg','metros',7);
INSERT INTO CONTENEDOR (ID, CAPACIDADVOLUMEN, CAPACIDADPESO, UNIDADESPESO, UNIDADESVOLUMEN,IDBODEGASUCURSAL)
VALUES (7,2675,535,'kg','metros',8);
INSERT INTO CONTENEDOR (ID, CAPACIDADVOLUMEN, CAPACIDADPESO, UNIDADESPESO, UNIDADESVOLUMEN,IDBODEGASUCURSAL)
VALUES (8,253,335,'kg','metros',9);
INSERT INTO CONTENEDOR (ID, CAPACIDADVOLUMEN, CAPACIDADPESO, UNIDADESPESO, UNIDADESVOLUMEN,IDBODEGASUCURSAL)
VALUES (9,254,235,'kg','metros',10);
INSERT INTO CONTENEDOR (ID, CAPACIDADVOLUMEN, CAPACIDADPESO, UNIDADESPESO, UNIDADESVOLUMEN,IDBODEGASUCURSAL)
VALUES (10,265,135,'kg','metros',2);
INSERT INTO CONTENEDOR (ID, CAPACIDADVOLUMEN, CAPACIDADPESO, UNIDADESPESO, UNIDADESVOLUMEN,IDBODEGASUCURSAL)
VALUES (11,285,335,'kg','metros',12);
INSERT INTO CONTENEDOR (ID, CAPACIDADVOLUMEN, CAPACIDADPESO, UNIDADESPESO, UNIDADESVOLUMEN,IDBODEGASUCURSAL)
VALUES (12,25,335,'kg','metros',14);
INSERT INTO CONTENEDOR (ID, CAPACIDADVOLUMEN, CAPACIDADPESO, UNIDADESPESO, UNIDADESVOLUMEN,IDBODEGASUCURSAL)
VALUES (13,125,935,'kg','metros',16);
INSERT INTO CONTENEDOR (ID, CAPACIDADVOLUMEN, CAPACIDADPESO, UNIDADESPESO, UNIDADESVOLUMEN,IDBODEGASUCURSAL)
VALUES (14,425,835,'kg','metros',18);
INSERT INTO CONTENEDOR (ID, CAPACIDADVOLUMEN, CAPACIDADPESO, UNIDADESPESO, UNIDADESVOLUMEN,IDBODEGASUCURSAL)
VALUES (15,625,357,'kg','metros',19);
INSERT INTO CONTENEDOR (ID, CAPACIDADVOLUMEN, CAPACIDADPESO, UNIDADESPESO, UNIDADESVOLUMEN,IDBODEGASUCURSAL)
VALUES (16,825,356,'kg','metros',20);
INSERT INTO CONTENEDOR (ID, CAPACIDADVOLUMEN, CAPACIDADPESO, UNIDADESPESO, UNIDADESVOLUMEN,IDBODEGASUCURSAL)
VALUES (17,925,355,'kg','metros',17);
INSERT INTO CONTENEDOR (ID, CAPACIDADVOLUMEN, CAPACIDADPESO, UNIDADESPESO, UNIDADESVOLUMEN,IDBODEGASUCURSAL)
VALUES (18,725,345,'kg','metros',15);
INSERT INTO CONTENEDOR (ID, CAPACIDADVOLUMEN, CAPACIDADPESO, UNIDADESPESO, UNIDADESVOLUMEN,IDBODEGASUCURSAL)
VALUES (19,525,315,'kg','metros',13);
INSERT INTO CONTENEDOR (ID, CAPACIDADVOLUMEN, CAPACIDADPESO, UNIDADESPESO, UNIDADESVOLUMEN,IDBODEGASUCURSAL)
VALUES (20,256,235,'kg','metros',11);
------------------------PROVEEDOR-------------------------------
INSERT INTO PROVEEDOR (NIT, NOMBRE)
VALUES (10000,'DISTRIBUIDORES RODRIGUEZ');
INSERT INTO PROVEEDOR (NIT, NOMBRE)
VALUES (10001,'DISTRIBUIDORES MARTINEZ');
INSERT INTO PROVEEDOR (NIT, NOMBRE)
VALUES (10002,'DISTRIBUIDORES LEON');
INSERT INTO PROVEEDOR (NIT, NOMBRE)
VALUES (10003,'DISTRIBUIDORES PARDO');
INSERT INTO PROVEEDOR (NIT, NOMBRE)
VALUES (10004,'DISTRIBUIDORES FERNANDEZ');
INSERT INTO PROVEEDOR (NIT, NOMBRE)
VALUES (10005,'DISTRIBUIDORES POSADA');
INSERT INTO PROVEEDOR (NIT, NOMBRE)
VALUES (10006,'DISTRIBUIDORES RODRIGUEZ');
INSERT INTO PROVEEDOR (NIT, NOMBRE)
VALUES (10007,'DISTRIBUIDORES MONTOYA');
INSERT INTO PROVEEDOR (NIT, NOMBRE)
VALUES (10008,'DISTRIBUIDORES LOPEZ');
INSERT INTO PROVEEDOR (NIT, NOMBRE)
VALUES (10009,'DISTRIBUIDORES URIBE');
INSERT INTO PROVEEDOR (NIT, NOMBRE)
VALUES (10010,'DISTRIBUIDORES FAJARDO');
INSERT INTO PROVEEDOR (NIT, NOMBRE)
VALUES (10011,'DISTRIBUIDORES RUBIO');
INSERT INTO PROVEEDOR (NIT, NOMBRE)
VALUES (10012,'DISTRIBUIDORES LEAL');
INSERT INTO PROVEEDOR (NIT, NOMBRE)
VALUES (10013,'DISTRIBUIDORES ALVAREZ');
INSERT INTO PROVEEDOR (NIT, NOMBRE)
VALUES (10014,'DISTRIBUIDORES ENCISO');
INSERT INTO PROVEEDOR (NIT, NOMBRE)
VALUES (10015,'DISTRIBUIDORES TORRES');
INSERT INTO PROVEEDOR (NIT, NOMBRE)
VALUES (10016,'DISTRIBUIDORES GARCIA');
INSERT INTO PROVEEDOR (NIT, NOMBRE)
VALUES (10017,'DISTRIBUIDORES HERRERA');
INSERT INTO PROVEEDOR (NIT, NOMBRE)
VALUES (10018,'DISTRIBUIDORES DIAZ');
INSERT INTO PROVEEDOR (NIT, NOMBRE)
VALUES (10019,'DISTRIBUIDORES SANCHEZ');
------------------------PEDIDO----------------------------------
INSERT INTO PEDIDO (ID, FECHAESPERADA, FECHAENTREGA, EVALUACIONCANTIDAD, EVALUACIONCALIDAD,CALIFICACION,FINALIZADO,NITPROVEEDOR)
VALUES (1,TO_DATE('01/01/2018', 'DD/MM/YYYY'),TO_DATE('02/01/2018', 'DD/MM/YYYY'),'BUENA','BUENA', 4,1,10000);
INSERT INTO PEDIDO (ID, FECHAESPERADA, FECHAENTREGA, EVALUACIONCANTIDAD, EVALUACIONCALIDAD,CALIFICACION,FINALIZADO,NITPROVEEDOR)
VALUES (2,TO_DATE('12/02/2018', 'DD/MM/YYYY'),TO_DATE('04/03/2018', 'DD/MM/YYYY'),'BUENA','MEDIA', 3,1,10001);
INSERT INTO PEDIDO (ID, FECHAESPERADA, FECHAENTREGA, EVALUACIONCANTIDAD, EVALUACIONCALIDAD,CALIFICACION,FINALIZADO,NITPROVEEDOR)
VALUES (3,TO_DATE('13/03/2018', 'DD/MM/YYYY'),TO_DATE('05/04/2018', 'DD/MM/YYYY'),'MALA','MEDIA', 2,1,10002);
INSERT INTO PEDIDO (ID, FECHAESPERADA, FECHAENTREGA, EVALUACIONCANTIDAD, EVALUACIONCALIDAD,CALIFICACION,FINALIZADO,NITPROVEEDOR)
VALUES (4,TO_DATE('14/04/2018', 'DD/MM/YYYY'),TO_DATE('03/05/2018', 'DD/MM/YYYY'),'BUENA','BUENA', 4,1,10003);
INSERT INTO PEDIDO (ID, FECHAESPERADA, FECHAENTREGA, EVALUACIONCANTIDAD, EVALUACIONCALIDAD,CALIFICACION,FINALIZADO,NITPROVEEDOR)
VALUES (5,TO_DATE('15/05/2018', 'DD/MM/YYYY'),TO_DATE('02/06/2018', 'DD/MM/YYYY'),'MEDIA','MALA', 4,1,10004);
INSERT INTO PEDIDO (ID, FECHAESPERADA, FECHAENTREGA, EVALUACIONCANTIDAD, EVALUACIONCALIDAD,CALIFICACION,FINALIZADO,NITPROVEEDOR)
VALUES (6,TO_DATE('16/06/2018', 'DD/MM/YYYY'),TO_DATE('01/07/2018', 'DD/MM/YYYY'),'BUENA','BUENA', 5,1,10005);
INSERT INTO PEDIDO (ID, FECHAESPERADA, FECHAENTREGA, EVALUACIONCANTIDAD, EVALUACIONCALIDAD,CALIFICACION,FINALIZADO,NITPROVEEDOR)
VALUES (7,TO_DATE('17/07/2018', 'DD/MM/YYYY'),TO_DATE('09/08/2018', 'DD/MM/YYYY'),'BUENA','MEDIA', 4,1,10006);
INSERT INTO PEDIDO (ID, FECHAESPERADA, FECHAENTREGA, EVALUACIONCANTIDAD, EVALUACIONCALIDAD,CALIFICACION,FINALIZADO,NITPROVEEDOR)
VALUES (8,TO_DATE('18/08/2017', 'DD/MM/YYYY'),TO_DATE('07/09/2017', 'DD/MM/YYYY'),'MEDIA','MEDIA', 3,1,10007);
INSERT INTO PEDIDO (ID, FECHAESPERADA, FECHAENTREGA, EVALUACIONCANTIDAD, EVALUACIONCALIDAD,CALIFICACION,FINALIZADO,NITPROVEEDOR)
VALUES (9,TO_DATE('19/09/2017', 'DD/MM/YYYY'),TO_DATE('06/10/2017', 'DD/MM/YYYY'),'BUENA','MEDIA', 5,1,10008);
INSERT INTO PEDIDO (ID, FECHAESPERADA, FECHAENTREGA, EVALUACIONCANTIDAD, EVALUACIONCALIDAD,CALIFICACION,FINALIZADO,NITPROVEEDOR)
VALUES (10,TO_DATE('01/10/2017', 'DD/MM/YYYY'),TO_DATE('05/12/2017', 'DD/MM/YYYY'),'MALA','BUENA', 2,1,10009);
INSERT INTO PEDIDO (ID, FECHAESPERADA, FECHAENTREGA, EVALUACIONCANTIDAD, EVALUACIONCALIDAD,CALIFICACION,FINALIZADO,NITPROVEEDOR)
VALUES (11,TO_DATE('02/11/2017', 'DD/MM/YYYY'),TO_DATE('05/12/2017', 'DD/MM/YYYY'),'MEDIA','MEDIA', 3,1,10010);
INSERT INTO PEDIDO (ID, FECHAESPERADA, FECHAENTREGA, EVALUACIONCANTIDAD, EVALUACIONCALIDAD,CALIFICACION,FINALIZADO,NITPROVEEDOR)
VALUES (12,TO_DATE('03/12/2017', 'DD/MM/YYYY'),TO_DATE('05/12/2017', 'DD/MM/YYYY'),'BUENA','MEDIA', 4,1,10011);
INSERT INTO PEDIDO (ID, FECHAESPERADA, FECHAENTREGA, EVALUACIONCANTIDAD, EVALUACIONCALIDAD,CALIFICACION,FINALIZADO,NITPROVEEDOR)
VALUES (13,TO_DATE('04/01/2018', 'DD/MM/YYYY'),TO_DATE('02/02/2018', 'DD/MM/YYYY'),'BUENA','MALA', 3,1,10012);
INSERT INTO PEDIDO (ID, FECHAESPERADA, FECHAENTREGA, EVALUACIONCANTIDAD, EVALUACIONCALIDAD,CALIFICACION,FINALIZADO,NITPROVEEDOR)
VALUES (14,TO_DATE('06/01/2018', 'DD/MM/YYYY'),TO_DATE('02/02/2018', 'DD/MM/YYYY'),'MEDIA','BUENA', 3,1,10013);
INSERT INTO PEDIDO (ID, FECHAESPERADA, FECHAENTREGA, EVALUACIONCANTIDAD, EVALUACIONCALIDAD,CALIFICACION,FINALIZADO,NITPROVEEDOR)
VALUES (15,TO_DATE('05/01/2018', 'DD/MM/YYYY'),TO_DATE('02/02/2018', 'DD/MM/YYYY'),'MEDIA','MEDIA', 4,1,10014);
INSERT INTO PEDIDO (ID, FECHAESPERADA, FECHAENTREGA, EVALUACIONCANTIDAD, EVALUACIONCALIDAD,CALIFICACION,FINALIZADO,NITPROVEEDOR)
VALUES (16,TO_DATE('21/01/2018', 'DD/MM/YYYY'),TO_DATE('02/02/2018', 'DD/MM/YYYY'),'BUENA','BUENA', 5,1,10015);
INSERT INTO PEDIDO (ID, FECHAESPERADA, FECHAENTREGA, EVALUACIONCANTIDAD, EVALUACIONCALIDAD,CALIFICACION,FINALIZADO,NITPROVEEDOR)
VALUES (17,TO_DATE('22/01/2018', 'DD/MM/YYYY'),TO_DATE('02/02/2018', 'DD/MM/YYYY'),'MEDIA','MEDIA', 4,1,10016);
INSERT INTO PEDIDO (ID, FECHAESPERADA, FECHAENTREGA, EVALUACIONCANTIDAD, EVALUACIONCALIDAD,CALIFICACION,FINALIZADO,NITPROVEEDOR)
VALUES (18,TO_DATE('25/01/2018', 'DD/MM/YYYY'),TO_DATE('02/02/2018', 'DD/MM/YYYY'),'MEDIA','MEDIA', 4,1,10017);
INSERT INTO PEDIDO (ID, FECHAESPERADA, FECHAENTREGA, EVALUACIONCANTIDAD, EVALUACIONCALIDAD,CALIFICACION,FINALIZADO,NITPROVEEDOR)
VALUES (19,TO_DATE('27/01/2018', 'DD/MM/YYYY'),TO_DATE('02/02/2018', 'DD/MM/YYYY'),'MALA','BUENA', 2,1,10018);
INSERT INTO PEDIDO (ID, FECHAESPERADA, FECHAENTREGA, EVALUACIONCANTIDAD, EVALUACIONCALIDAD,CALIFICACION,FINALIZADO,NITPROVEEDOR)
VALUES (20,TO_DATE('30/01/2018', 'DD/MM/YYYY'),TO_DATE('02/02/2018', 'DD/MM/YYYY'),'BUENA','MEDIA', 4,1,10019);
------------------------PRODUCTO--------------------------------
INSERT INTO PRODUCTO (CODIGODEBARRAS, NOMBRE, MARCA, PRECIOUNITARIO, PRESENTACION,PRECIOPORUNIDAD,CANTIDADENLAPRESENTACION,UNIDADDEMEDIDA,ESPECIFICACIONESDEEMPACADO,NIVELDEREORDEN,IDPEDIDO,IDSUCURSAL,IDCONTENEDOR,IDPROMOCION,ENSTOCK)
VALUES ('000001', 'GASEOSA','COCA COLA', 15000, 'FAMILIAR',5000,3,'ML','REGULAR',1,1,1,2,1,15);
INSERT INTO PRODUCTO (CODIGODEBARRAS, NOMBRE, MARCA, PRECIOUNITARIO, PRESENTACION,PRECIOPORUNIDAD,CANTIDADENLAPRESENTACION,UNIDADDEMEDIDA,ESPECIFICACIONESDEEMPACADO,NIVELDEREORDEN,IDPEDIDO,IDSUCURSAL,IDCONTENEDOR,IDPROMOCION,ENSTOCK)
VALUES ('000002', 'DETERGENTE','TIDE', 75000, 'FAMILIAR',75000,1,'ML','REGULAR',1,2,2,3,2,11);
INSERT INTO PRODUCTO (CODIGODEBARRAS, NOMBRE, MARCA, PRECIOUNITARIO, PRESENTACION,PRECIOPORUNIDAD,CANTIDADENLAPRESENTACION,UNIDADDEMEDIDA,ESPECIFICACIONESDEEMPACADO,NIVELDEREORDEN,IDPEDIDO,IDSUCURSAL,IDCONTENEDOR,IDPROMOCION,ENSTOCK)
VALUES ('000003', 'CUADERNO','NORMA', 10000, 'INDIVIDUAL',10000,1,'G','REGULAR',1,3,4,1,3,12);
INSERT INTO PRODUCTO (CODIGODEBARRAS, NOMBRE, MARCA, PRECIOUNITARIO, PRESENTACION,PRECIOPORUNIDAD,CANTIDADENLAPRESENTACION,UNIDADDEMEDIDA,ESPECIFICACIONESDEEMPACADO,NIVELDEREORDEN,IDPEDIDO,IDSUCURSAL,IDCONTENEDOR,IDPROMOCION,ENSTOCK)
VALUES ('000004', 'JUGO','HIT', 16000, 'FAMILIAR',2000,12,'ML','REGULAR',1,4,3,4,4,14);
INSERT INTO PRODUCTO (CODIGODEBARRAS, NOMBRE, MARCA, PRECIOUNITARIO, PRESENTACION,PRECIOPORUNIDAD,CANTIDADENLAPRESENTACION,UNIDADDEMEDIDA,ESPECIFICACIONESDEEMPACADO,NIVELDEREORDEN,IDPEDIDO,IDSUCURSAL,IDCONTENEDOR,IDPROMOCION,ENSTOCK)
VALUES ('000005', 'IPHONE','APPLE', 4000000, 'INDIVIDUAL',4000000,1,'G','ESPECIAL',1,5,20,5,5,14);
INSERT INTO PRODUCTO (CODIGODEBARRAS, NOMBRE, MARCA, PRECIOUNITARIO, PRESENTACION,PRECIOPORUNIDAD,CANTIDADENLAPRESENTACION,UNIDADDEMEDIDA,ESPECIFICACIONESDEEMPACADO,NIVELDEREORDEN,IDPEDIDO,IDSUCURSAL,IDCONTENEDOR,IDPROMOCION,ENSTOCK)
VALUES ('000006', 'MONOPOLY','HASBRO', 120000, 'INDIVIDUAL',120000,1,'G','REGULAR',1,6,19,7,6,15);
INSERT INTO PRODUCTO (CODIGODEBARRAS, NOMBRE, MARCA, PRECIOUNITARIO, PRESENTACION,PRECIOPORUNIDAD,CANTIDADENLAPRESENTACION,UNIDADDEMEDIDA,ESPECIFICACIONESDEEMPACADO,NIVELDEREORDEN,IDPEDIDO,IDSUCURSAL,IDCONTENEDOR,IDPROMOCION,ENSTOCK)
VALUES ('000007', 'TV','SAMSUNG', 1500000, 'INDIVUDIAL',1500000,1,'G','ESPECIAL',1,7,18,9,7,11);
INSERT INTO PRODUCTO (CODIGODEBARRAS, NOMBRE, MARCA, PRECIOUNITARIO, PRESENTACION,PRECIOPORUNIDAD,CANTIDADENLAPRESENTACION,UNIDADDEMEDIDA,ESPECIFICACIONESDEEMPACADO,NIVELDEREORDEN,IDPEDIDO,IDSUCURSAL,IDCONTENEDOR,IDPROMOCION,ENSTOCK)
VALUES ('000008', 'XBOX','MICROSOFT', 1000000, 'INDIVIDUAL',1000000,1,'G','ESPECIAL',1,8,17,11,8,12);
INSERT INTO PRODUCTO (CODIGODEBARRAS, NOMBRE, MARCA, PRECIOUNITARIO, PRESENTACION,PRECIOPORUNIDAD,CANTIDADENLAPRESENTACION,UNIDADDEMEDIDA,ESPECIFICACIONESDEEMPACADO,NIVELDEREORDEN,IDPEDIDO,IDSUCURSAL,IDCONTENEDOR,IDPROMOCION,ENSTOCK)
VALUES ('000009', 'GASEOSA','PEPSI', 15000, 'FAMILIAR',5000,3,'ML','REGULAR',1,9,16,13,9,13);
INSERT INTO PRODUCTO (CODIGODEBARRAS, NOMBRE, MARCA, PRECIOUNITARIO, PRESENTACION,PRECIOPORUNIDAD,CANTIDADENLAPRESENTACION,UNIDADDEMEDIDA,ESPECIFICACIONESDEEMPACADO,NIVELDEREORDEN,IDPEDIDO,IDSUCURSAL,IDCONTENEDOR,IDPROMOCION,ENSTOCK)
VALUES ('000010', 'ZAPATOS','NIKE', 230000, 'INDIVIDUAL',230000,1,'G','REGULAR',1,10,15,15,10,12);
INSERT INTO PRODUCTO (CODIGODEBARRAS, NOMBRE, MARCA, PRECIOUNITARIO, PRESENTACION,PRECIOPORUNIDAD,CANTIDADENLAPRESENTACION,UNIDADDEMEDIDA,ESPECIFICACIONESDEEMPACADO,NIVELDEREORDEN,IDPEDIDO,IDSUCURSAL,IDCONTENEDOR,IDPROMOCION,ENSTOCK)
VALUES ('000011', 'DESODORANTE','AXE', 45000, 'FAMILIAR',15000,3,'ML','REGULAR',1,11,14,17,11,15);
INSERT INTO PRODUCTO (CODIGODEBARRAS, NOMBRE, MARCA, PRECIOUNITARIO, PRESENTACION,PRECIOPORUNIDAD,CANTIDADENLAPRESENTACION,UNIDADDEMEDIDA,ESPECIFICACIONESDEEMPACADO,NIVELDEREORDEN,IDPEDIDO,IDSUCURSAL,IDCONTENEDOR,IDPROMOCION,ENSTOCK)
VALUES ('000012', 'BOMBILLO','PHILIPS', 150000, 'FAMILIAR',15000,10,'G','ESPECIAL',1,12,13,19,12,12);
INSERT INTO PRODUCTO (CODIGODEBARRAS, NOMBRE, MARCA, PRECIOUNITARIO, PRESENTACION,PRECIOPORUNIDAD,CANTIDADENLAPRESENTACION,UNIDADDEMEDIDA,ESPECIFICACIONESDEEMPACADO,NIVELDEREORDEN,IDPEDIDO,IDSUCURSAL,IDCONTENEDOR,IDPROMOCION,ENSTOCK)
VALUES ('000013', 'COMPUTADOR','DELL', 2500000, 'INDIVIDUAL',2500000,3,'G','ESPECIAL',1,13,12,20,13,23);
INSERT INTO PRODUCTO (CODIGODEBARRAS, NOMBRE, MARCA, PRECIOUNITARIO, PRESENTACION,PRECIOPORUNIDAD,CANTIDADENLAPRESENTACION,UNIDADDEMEDIDA,ESPECIFICACIONESDEEMPACADO,NIVELDEREORDEN,IDPEDIDO,IDSUCURSAL,IDCONTENEDOR,IDPROMOCION,ENSTOCK)
VALUES ('000014', 'LAPIZ','NORMA', 15000, 'FAMILIAR',1500,10,'G','REGULAR',1,14,11,18,14,13);
INSERT INTO PRODUCTO (CODIGODEBARRAS, NOMBRE, MARCA, PRECIOUNITARIO, PRESENTACION,PRECIOPORUNIDAD,CANTIDADENLAPRESENTACION,UNIDADDEMEDIDA,ESPECIFICACIONESDEEMPACADO,NIVELDEREORDEN,IDPEDIDO,IDSUCURSAL,IDCONTENEDOR,IDPROMOCION,ENSTOCK)
VALUES ('000015', 'MANI','MANI ESPECIAL', 25000, 'INDIVIDUAL',25000,1,'G','REGULAR',1,15,10,16,15,42);
INSERT INTO PRODUCTO (CODIGODEBARRAS, NOMBRE, MARCA, PRECIOUNITARIO, PRESENTACION,PRECIOPORUNIDAD,CANTIDADENLAPRESENTACION,UNIDADDEMEDIDA,ESPECIFICACIONESDEEMPACADO,NIVELDEREORDEN,IDPEDIDO,IDSUCURSAL,IDCONTENEDOR,IDPROMOCION,ENSTOCK)
VALUES ('000016', 'BLANQUEADOR','WOOLITE', 55000, 'INDIVUDIAL',55000,1,'ML','REGULAR',1,16,9,14,16,21);
INSERT INTO PRODUCTO (CODIGODEBARRAS, NOMBRE, MARCA, PRECIOUNITARIO, PRESENTACION,PRECIOPORUNIDAD,CANTIDADENLAPRESENTACION,UNIDADDEMEDIDA,ESPECIFICACIONESDEEMPACADO,NIVELDEREORDEN,IDPEDIDO,IDSUCURSAL,IDCONTENEDOR,IDPROMOCION,ENSTOCK)
VALUES ('000017', 'ATUN','VAN CAMPS', 25000, 'FAMILIAR',5000,5,'G','REGULAR',1,17,8,12,17,31);
INSERT INTO PRODUCTO (CODIGODEBARRAS, NOMBRE, MARCA, PRECIOUNITARIO, PRESENTACION,PRECIOPORUNIDAD,CANTIDADENLAPRESENTACION,UNIDADDEMEDIDA,ESPECIFICACIONESDEEMPACADO,NIVELDEREORDEN,IDPEDIDO,IDSUCURSAL,IDCONTENEDOR,IDPROMOCION,ENSTOCK)
VALUES ('000018', 'MANZANA','LOCAL', 1000, 'INDIVIDUAL',1000,3,'G','REGULAR',1,18,7,10,18,12);
INSERT INTO PRODUCTO (CODIGODEBARRAS, NOMBRE, MARCA, PRECIOUNITARIO, PRESENTACION,PRECIOPORUNIDAD,CANTIDADENLAPRESENTACION,UNIDADDEMEDIDA,ESPECIFICACIONESDEEMPACADO,NIVELDEREORDEN,IDPEDIDO,IDSUCURSAL,IDCONTENEDOR,IDPROMOCION,ENSTOCK)
VALUES ('000019', 'NARANJA','LOCAL', 1000, 'INDIVIDUAL',1000,3,'G','REGULAR',1,19,6,8,19,11);
INSERT INTO PRODUCTO (CODIGODEBARRAS, NOMBRE, MARCA, PRECIOUNITARIO, PRESENTACION,PRECIOPORUNIDAD,CANTIDADENLAPRESENTACION,UNIDADDEMEDIDA,ESPECIFICACIONESDEEMPACADO,NIVELDEREORDEN,IDPEDIDO,IDSUCURSAL,IDCONTENEDOR,IDPROMOCION,ENSTOCK)
VALUES ('000020', 'PESCADO','LOCAL', 12000, 'INDIVUDUAL',12000,3,'G','REGULAR',1,20,5,6,20,20);
-----------------------CATEGORIA--------------------------------
INSERT INTO CATEGORIA (ID, NOMBRECATEGORIA, PERECEDERO, FECHAVENCIMIENTO, CODIGODEBARRASPRODUCTO)
VALUES (1,'OTROS','1',TO_DATE('01/01/2019', 'DD/MM/YYYY'),'000001');
INSERT INTO CATEGORIA (ID, NOMBRECATEGORIA, PERECEDERO, FECHAVENCIMIENTO, CODIGODEBARRASPRODUCTO)
VALUES (2,'ASEO','1',TO_DATE('01/01/2019', 'DD/MM/YYYY'),'000002');
INSERT INTO CATEGORIA (ID, NOMBRECATEGORIA, PERECEDERO, FECHAVENCIMIENTO, CODIGODEBARRASPRODUCTO)
VALUES (3,'OTROS','0',TO_DATE('01/01/2019', 'DD/MM/YYYY'),'000003');
INSERT INTO CATEGORIA (ID, NOMBRECATEGORIA, PERECEDERO, FECHAVENCIMIENTO, CODIGODEBARRASPRODUCTO)
VALUES (4,'ORGANICOS','1',TO_DATE('01/01/2019', 'DD/MM/YYYY'),'000004');
INSERT INTO CATEGORIA (ID, NOMBRECATEGORIA, PERECEDERO, FECHAVENCIMIENTO, CODIGODEBARRASPRODUCTO)
VALUES (5,'TECNOLOGIA','0',TO_DATE('01/01/2019', 'DD/MM/YYYY'),'000005');
INSERT INTO CATEGORIA (ID, NOMBRECATEGORIA, PERECEDERO, FECHAVENCIMIENTO, CODIGODEBARRASPRODUCTO)
VALUES (6,'OTROS','0',TO_DATE('01/01/2019', 'DD/MM/YYYY'),'000006');
INSERT INTO CATEGORIA (ID, NOMBRECATEGORIA, PERECEDERO, FECHAVENCIMIENTO, CODIGODEBARRASPRODUCTO)
VALUES (7,'TECNOLOGIA','0',TO_DATE('01/01/2019', 'DD/MM/YYYY'),'000007');
INSERT INTO CATEGORIA (ID, NOMBRECATEGORIA, PERECEDERO, FECHAVENCIMIENTO, CODIGODEBARRASPRODUCTO)
VALUES (8,'TECNOLOGIA','0',TO_DATE('01/01/2019', 'DD/MM/YYYY'),'000008');
INSERT INTO CATEGORIA (ID, NOMBRECATEGORIA, PERECEDERO, FECHAVENCIMIENTO, CODIGODEBARRASPRODUCTO)
VALUES (9,'OTROS','1',TO_DATE('01/01/2019', 'DD/MM/YYYY'),'000009');
INSERT INTO CATEGORIA (ID, NOMBRECATEGORIA, PERECEDERO, FECHAVENCIMIENTO, CODIGODEBARRASPRODUCTO)
VALUES (10,'VESTIR','0',TO_DATE('01/01/2019', 'DD/MM/YYYY'),'000010');
INSERT INTO CATEGORIA (ID, NOMBRECATEGORIA, PERECEDERO, FECHAVENCIMIENTO, CODIGODEBARRASPRODUCTO)
VALUES (11,'ASEO','1',TO_DATE('01/01/2019', 'DD/MM/YYYY'),'000011');
INSERT INTO CATEGORIA (ID, NOMBRECATEGORIA, PERECEDERO, FECHAVENCIMIENTO, CODIGODEBARRASPRODUCTO)
VALUES (12,'OTROS','0',TO_DATE('01/01/2019', 'DD/MM/YYYY'),'000012');
INSERT INTO CATEGORIA (ID, NOMBRECATEGORIA, PERECEDERO, FECHAVENCIMIENTO, CODIGODEBARRASPRODUCTO)
VALUES (13,'TECNOLOGIA','1',TO_DATE('01/01/2019', 'DD/MM/YYYY'),'000013');
INSERT INTO CATEGORIA (ID, NOMBRECATEGORIA, PERECEDERO, FECHAVENCIMIENTO, CODIGODEBARRASPRODUCTO)
VALUES (14,'OTROS','0',TO_DATE('01/01/2019', 'DD/MM/YYYY'),'000014');
INSERT INTO CATEGORIA (ID, NOMBRECATEGORIA, PERECEDERO, FECHAVENCIMIENTO, CODIGODEBARRASPRODUCTO)
VALUES (15,'OTROS','1',TO_DATE('01/01/2019', 'DD/MM/YYYY'),'000015');
INSERT INTO CATEGORIA (ID, NOMBRECATEGORIA, PERECEDERO, FECHAVENCIMIENTO, CODIGODEBARRASPRODUCTO)
VALUES (16,'ASEO','1',TO_DATE('01/01/2019', 'DD/MM/YYYY'),'000016');
INSERT INTO CATEGORIA (ID, NOMBRECATEGORIA, PERECEDERO, FECHAVENCIMIENTO, CODIGODEBARRASPRODUCTO)
VALUES (17,'ENLATADOS','1',TO_DATE('01/01/2019', 'DD/MM/YYYY'),'000017');
INSERT INTO CATEGORIA (ID, NOMBRECATEGORIA, PERECEDERO, FECHAVENCIMIENTO, CODIGODEBARRASPRODUCTO)
VALUES (18,'ORGANICOS','1',TO_DATE('01/01/2019', 'DD/MM/YYYY'),'000018');
INSERT INTO CATEGORIA (ID, NOMBRECATEGORIA, PERECEDERO, FECHAVENCIMIENTO, CODIGODEBARRASPRODUCTO)
VALUES (19,'ORGANICOS','1',TO_DATE('01/01/2019', 'DD/MM/YYYY'),'000019');
INSERT INTO CATEGORIA (ID, NOMBRECATEGORIA, PERECEDERO, FECHAVENCIMIENTO, CODIGODEBARRASPRODUCTO)
VALUES (20,'ORGANICOS','1',TO_DATE('01/01/2019', 'DD/MM/YYYY'),'000020');
--------------------------------CLIENTES--------------------------------------------
INSERT INTO CLIENTEEMPRESA (NIT, DIRECCION)
VALUES ('00001','DIRECCION 1');
INSERT INTO CLIENTEEMPRESA (NIT, DIRECCION)
VALUES ('00002','DIRECCION 2');
INSERT INTO CLIENTEEMPRESA (NIT, DIRECCION)
VALUES ('00003','DIRECCION 3');
INSERT INTO CLIENTEEMPRESA (NIT, DIRECCION)
VALUES ('00004','DIRECCION 4');
INSERT INTO CLIENTEEMPRESA (NIT, DIRECCION)
VALUES ('00005','DIRECCION 5');
INSERT INTO CLIENTEEMPRESA (NIT, DIRECCION)
VALUES ('00006','DIRECCION 6');
INSERT INTO CLIENTEEMPRESA (NIT, DIRECCION)
VALUES ('00007','DIRECCION 7');
INSERT INTO CLIENTEEMPRESA (NIT, DIRECCION)
VALUES ('00008','DIRECCION 8');
INSERT INTO CLIENTEEMPRESA (NIT, DIRECCION)
VALUES ('00009','DIRECCION 9');
INSERT INTO CLIENTEEMPRESA (NIT, DIRECCION)
VALUES ('00010','DIRECCION 10');
INSERT INTO CLIENTEEMPRESA (NIT, DIRECCION)
VALUES ('00011','DIRECCION 11');
INSERT INTO CLIENTEEMPRESA (NIT, DIRECCION)
VALUES ('00012','DIRECCION 12');
INSERT INTO CLIENTEEMPRESA (NIT, DIRECCION)
VALUES ('00013','DIRECCION 13');
INSERT INTO CLIENTEEMPRESA (NIT, DIRECCION)
VALUES ('00014','DIRECCION 14');
INSERT INTO CLIENTEEMPRESA (NIT, DIRECCION)
VALUES ('00015','DIRECCION 15');
INSERT INTO CLIENTEEMPRESA (NIT, DIRECCION)
VALUES ('00016','DIRECCION 16');
INSERT INTO CLIENTEEMPRESA (NIT, DIRECCION)
VALUES ('00017','DIRECCION 17');
INSERT INTO CLIENTEEMPRESA (NIT, DIRECCION)
VALUES ('00018','DIRECCION 18');
INSERT INTO CLIENTEEMPRESA (NIT, DIRECCION)
VALUES ('00019','DIRECCION 19');
INSERT INTO CLIENTEEMPRESA (NIT, DIRECCION)
VALUES ('00020','DIRECCION 20');
INSERT INTO CLIENTENATURAL (CEDULA, NOMBRE, EMAIL)
VALUES (1000,'JUAN PEREZ','CLIENTE1@CORREO.COM');
INSERT INTO CLIENTENATURAL (CEDULA, NOMBRE, EMAIL)
VALUES (1001,'FERNANDO GOMEZ','CLIENTE2@CORREO.COM');
INSERT INTO CLIENTENATURAL (CEDULA, NOMBRE, EMAIL)
VALUES (1002,'DAVID DIAZ','CLIENTE3@CORREO.COM');
INSERT INTO CLIENTENATURAL (CEDULA, NOMBRE, EMAIL)
VALUES (1003,'DANIEL LEON','CLIENTE4@CORREO.COM');
INSERT INTO CLIENTENATURAL (CEDULA, NOMBRE, EMAIL)
VALUES (1004,'PABLO PEREZ','CLIENTE5@CORREO.COM');
INSERT INTO CLIENTENATURAL (CEDULA, NOMBRE, EMAIL)
VALUES (1005,'JOSE ROBAYO','CLIENTE6@CORREO.COM');
INSERT INTO CLIENTENATURAL (CEDULA, NOMBRE, EMAIL)
VALUES (1006,'DIEGO PEREZ','CLIENTE7@CORREO.COM');
INSERT INTO CLIENTENATURAL (CEDULA, NOMBRE, EMAIL)
VALUES (1007,'ANDRES PEREZ','CLIENTE8@CORREO.COM');
INSERT INTO CLIENTENATURAL (CEDULA, NOMBRE, EMAIL)
VALUES (1008,'FELIPE PARDO','CLIENTE9@CORREO.COM');
INSERT INTO CLIENTENATURAL (CEDULA, NOMBRE, EMAIL)
VALUES (1009,'JESUS PEREZ','CLIENTE10@CORREO.COM');
INSERT INTO CLIENTENATURAL (CEDULA, NOMBRE, EMAIL)
VALUES (1010,'MARIA FERNANDEZ','CLIENTE11@CORREO.COM');
INSERT INTO CLIENTENATURAL (CEDULA, NOMBRE, EMAIL)
VALUES (1011,'SOFIA RODRIGUEZ','CLIENTE12@CORREO.COM');
INSERT INTO CLIENTENATURAL (CEDULA, NOMBRE, EMAIL)
VALUES (1012,'DIANA PEREZ','CLIENTE13@CORREO.COM');
INSERT INTO CLIENTENATURAL (CEDULA, NOMBRE, EMAIL)
VALUES (1013,'CAROLINA GOMEZ','CLIENTE14@CORREO.COM');
INSERT INTO CLIENTENATURAL (CEDULA, NOMBRE, EMAIL)
VALUES (1014,'KAREN PEREZ','CLIENTE15@CORREO.COM');
INSERT INTO CLIENTENATURAL (CEDULA, NOMBRE, EMAIL)
VALUES (1015,'NATALIA PEREZ','CLIENTE16@CORREO.COM');
INSERT INTO CLIENTENATURAL (CEDULA, NOMBRE, EMAIL)
VALUES (1016,'ALEJANDRA CARDENAS','CLIENTE17@CORREO.COM');
INSERT INTO CLIENTENATURAL (CEDULA, NOMBRE, EMAIL)
VALUES (1017,'ALVARO RESTREPO','CLIENTE18@CORREO.COM');
INSERT INTO CLIENTENATURAL (CEDULA, NOMBRE, EMAIL)
VALUES (1018,'CLAUDIA ARBELAEZ','CLIENTE19@CORREO.COM');
INSERT INTO CLIENTENATURAL (CEDULA, NOMBRE, EMAIL)
VALUES (1019,'GERMAN PEREZ','CLIENTE20@CORREO.COM');
INSERT INTO CLIENTE (IDCLIENTE, PUNTOSDECOMPRA, NITCLIENTE, CEDULACLIENTE)
VALUES (1,1,'00001',1000);
INSERT INTO CLIENTE (IDCLIENTE, PUNTOSDECOMPRA, NITCLIENTE, CEDULACLIENTE)
VALUES (2,2,'00002',1001);
INSERT INTO CLIENTE (IDCLIENTE, PUNTOSDECOMPRA, NITCLIENTE, CEDULACLIENTE)
VALUES (3,3,'00003',1002);
INSERT INTO CLIENTE (IDCLIENTE, PUNTOSDECOMPRA, NITCLIENTE, CEDULACLIENTE)
VALUES (4,4,'00004',1003);
INSERT INTO CLIENTE (IDCLIENTE, PUNTOSDECOMPRA, NITCLIENTE, CEDULACLIENTE)
VALUES (5,5,'00005',1004);
INSERT INTO CLIENTE (IDCLIENTE, PUNTOSDECOMPRA, NITCLIENTE, CEDULACLIENTE)
VALUES (6,6,'00006',1005);
INSERT INTO CLIENTE (IDCLIENTE, PUNTOSDECOMPRA, NITCLIENTE, CEDULACLIENTE)
VALUES (7,7,'00007',1006);
INSERT INTO CLIENTE (IDCLIENTE, PUNTOSDECOMPRA, NITCLIENTE, CEDULACLIENTE)
VALUES (8,8,'00008',1007);
INSERT INTO CLIENTE (IDCLIENTE, PUNTOSDECOMPRA, NITCLIENTE, CEDULACLIENTE)
VALUES (9,9,'00009',1008);
INSERT INTO CLIENTE (IDCLIENTE, PUNTOSDECOMPRA, NITCLIENTE, CEDULACLIENTE)
VALUES (10,10,'00010',1009);
INSERT INTO CLIENTE (IDCLIENTE, PUNTOSDECOMPRA, NITCLIENTE, CEDULACLIENTE)
VALUES (11,11,'00011',1010);
INSERT INTO CLIENTE (IDCLIENTE, PUNTOSDECOMPRA, NITCLIENTE, CEDULACLIENTE)
VALUES (12,12,'00012',1011);
INSERT INTO CLIENTE (IDCLIENTE, PUNTOSDECOMPRA, NITCLIENTE, CEDULACLIENTE)
VALUES (13,13,'00013',1012);
INSERT INTO CLIENTE (IDCLIENTE, PUNTOSDECOMPRA, NITCLIENTE, CEDULACLIENTE)
VALUES (14,14,'00014',1013);
INSERT INTO CLIENTE (IDCLIENTE, PUNTOSDECOMPRA, NITCLIENTE, CEDULACLIENTE)
VALUES (15,15,'00015',1014);
INSERT INTO CLIENTE (IDCLIENTE, PUNTOSDECOMPRA, NITCLIENTE, CEDULACLIENTE)
VALUES (16,16,'00016',1015);
INSERT INTO CLIENTE (IDCLIENTE, PUNTOSDECOMPRA, NITCLIENTE, CEDULACLIENTE)
VALUES (17,17,'00017',1016);
INSERT INTO CLIENTE (IDCLIENTE, PUNTOSDECOMPRA, NITCLIENTE, CEDULACLIENTE)
VALUES (18,18,'00018',1017);
INSERT INTO CLIENTE (IDCLIENTE, PUNTOSDECOMPRA, NITCLIENTE, CEDULACLIENTE)
VALUES (19,19,'00019',1018);
INSERT INTO CLIENTE (IDCLIENTE, PUNTOSDECOMPRA, NITCLIENTE, CEDULACLIENTE)
VALUES (20,20,'00020',1019);
---------------------------------FACTURA------------------------------
INSERT INTO FACTURA (NUMEROFACTURA, FECHA, IDCLIENTE)
VALUES ('2001',TO_DATE('01/01/2019', 'DD/MM/YYYY'),1);
INSERT INTO FACTURA (NUMEROFACTURA, FECHA, IDCLIENTE)
VALUES ('2002',TO_DATE('01/01/2019', 'DD/MM/YYYY'),2);
INSERT INTO FACTURA (NUMEROFACTURA, FECHA, IDCLIENTE)
VALUES ('2003',TO_DATE('01/01/2019', 'DD/MM/YYYY'),3);
INSERT INTO FACTURA (NUMEROFACTURA, FECHA, IDCLIENTE)
VALUES ('2004',TO_DATE('01/01/2019', 'DD/MM/YYYY'),4);
INSERT INTO FACTURA (NUMEROFACTURA, FECHA, IDCLIENTE)
VALUES ('2005',TO_DATE('01/01/2019', 'DD/MM/YYYY'),5);
INSERT INTO FACTURA (NUMEROFACTURA, FECHA, IDCLIENTE)
VALUES ('2006',TO_DATE('01/01/2019', 'DD/MM/YYYY'),6);
INSERT INTO FACTURA (NUMEROFACTURA, FECHA, IDCLIENTE)
VALUES ('2007',TO_DATE('01/01/2019', 'DD/MM/YYYY'),7);
INSERT INTO FACTURA (NUMEROFACTURA, FECHA, IDCLIENTE)
VALUES ('2008',TO_DATE('01/01/2019', 'DD/MM/YYYY'),8);
INSERT INTO FACTURA (NUMEROFACTURA, FECHA, IDCLIENTE)
VALUES ('2009',TO_DATE('01/01/2019', 'DD/MM/YYYY'),9);
INSERT INTO FACTURA (NUMEROFACTURA, FECHA, IDCLIENTE)
VALUES ('2010',TO_DATE('01/01/2019', 'DD/MM/YYYY'),10);
INSERT INTO FACTURA (NUMEROFACTURA, FECHA, IDCLIENTE)
VALUES ('2011',TO_DATE('01/01/2019', 'DD/MM/YYYY'),11);
INSERT INTO FACTURA (NUMEROFACTURA, FECHA, IDCLIENTE)
VALUES ('2012',TO_DATE('01/01/2019', 'DD/MM/YYYY'),12);
INSERT INTO FACTURA (NUMEROFACTURA, FECHA, IDCLIENTE)
VALUES ('2013',TO_DATE('01/01/2019', 'DD/MM/YYYY'),13);
INSERT INTO FACTURA (NUMEROFACTURA, FECHA, IDCLIENTE)
VALUES ('2014',TO_DATE('01/01/2019', 'DD/MM/YYYY'),14);
INSERT INTO FACTURA (NUMEROFACTURA, FECHA, IDCLIENTE)
VALUES ('2015',TO_DATE('01/01/2019', 'DD/MM/YYYY'),15);
INSERT INTO FACTURA (NUMEROFACTURA, FECHA, IDCLIENTE)
VALUES ('2016',TO_DATE('01/01/2019', 'DD/MM/YYYY'),16);
INSERT INTO FACTURA (NUMEROFACTURA, FECHA, IDCLIENTE)
VALUES ('2017',TO_DATE('01/01/2019', 'DD/MM/YYYY'),17);
INSERT INTO FACTURA (NUMEROFACTURA, FECHA, IDCLIENTE)
VALUES ('2018',TO_DATE('01/01/2019', 'DD/MM/YYYY'),18);
INSERT INTO FACTURA (NUMEROFACTURA, FECHA, IDCLIENTE)
VALUES ('2019',TO_DATE('01/01/2019', 'DD/MM/YYYY'),19);
INSERT INTO FACTURA (NUMEROFACTURA, FECHA, IDCLIENTE)
VALUES ('2020',TO_DATE('01/01/2019', 'DD/MM/YYYY'),20);
-------------------------------------ESTANTE-------------------------------------------
INSERT INTO ESTANTE (ID,NIVELABASTECIMIENTO,IDSUCURSALES)
VALUES (1,5,1);
INSERT INTO ESTANTE (ID,NIVELABASTECIMIENTO,IDSUCURSALES)
VALUES (2,5,2);
INSERT INTO ESTANTE (ID,NIVELABASTECIMIENTO,IDSUCURSALES)
VALUES (3,5,3);
INSERT INTO ESTANTE (ID,NIVELABASTECIMIENTO,IDSUCURSALES)
VALUES (4,5,4);
INSERT INTO ESTANTE (ID,NIVELABASTECIMIENTO,IDSUCURSALES)
VALUES (5,5,5);
INSERT INTO ESTANTE (ID,NIVELABASTECIMIENTO,IDSUCURSALES)
VALUES (6,5,6);
INSERT INTO ESTANTE (ID,NIVELABASTECIMIENTO,IDSUCURSALES)
VALUES (7,5,7);
INSERT INTO ESTANTE (ID,NIVELABASTECIMIENTO,IDSUCURSALES)
VALUES (8,5,8);
INSERT INTO ESTANTE (ID,NIVELABASTECIMIENTO,IDSUCURSALES)
VALUES (9,5,9);
INSERT INTO ESTANTE (ID,NIVELABASTECIMIENTO,IDSUCURSALES)
VALUES (10,5,10);
INSERT INTO ESTANTE (ID,NIVELABASTECIMIENTO,IDSUCURSALES)
VALUES (11,5,11);
INSERT INTO ESTANTE (ID,NIVELABASTECIMIENTO,IDSUCURSALES)
VALUES (12,5,12);
INSERT INTO ESTANTE (ID,NIVELABASTECIMIENTO,IDSUCURSALES)
VALUES (13,5,13);
INSERT INTO ESTANTE (ID,NIVELABASTECIMIENTO,IDSUCURSALES)
VALUES (14,5,14);
INSERT INTO ESTANTE (ID,NIVELABASTECIMIENTO,IDSUCURSALES)
VALUES (15,5,15);
INSERT INTO ESTANTE (ID,NIVELABASTECIMIENTO,IDSUCURSALES)
VALUES (16,5,16);
INSERT INTO ESTANTE (ID,NIVELABASTECIMIENTO,IDSUCURSALES)
VALUES (17,5,17);
INSERT INTO ESTANTE (ID,NIVELABASTECIMIENTO,IDSUCURSALES)
VALUES (18,5,18);
INSERT INTO ESTANTE (ID,NIVELABASTECIMIENTO,IDSUCURSALES)
VALUES (19,5,19);
INSERT INTO ESTANTE (ID,NIVELABASTECIMIENTO,IDSUCURSALES)
VALUES (20,5,20);
--------------------------------------TIPO PRODUCTO-----------------------------------
INSERT INTO TIPOPRODUCTO (NOMBRETIPO,METODOALMACENAMIENTO,IDCATEGORIA,IDCONTENEDOR)
VALUES ('TIPO 1','REGULAR',20,1);
INSERT INTO TIPOPRODUCTO (NOMBRETIPO,METODOALMACENAMIENTO,IDCATEGORIA,IDCONTENEDOR)
VALUES ('TIPO 2','REGULAR',19,2);
INSERT INTO TIPOPRODUCTO (NOMBRETIPO,METODOALMACENAMIENTO,IDCATEGORIA,IDCONTENEDOR)
VALUES ('TIPO 3','REGULAR',18,3);
INSERT INTO TIPOPRODUCTO (NOMBRETIPO,METODOALMACENAMIENTO,IDCATEGORIA,IDCONTENEDOR)
VALUES ('TIPO 4','REGULAR',17,4);
INSERT INTO TIPOPRODUCTO (NOMBRETIPO,METODOALMACENAMIENTO,IDCATEGORIA,IDCONTENEDOR)
VALUES ('TIPO 5','REGULAR',16,5);
INSERT INTO TIPOPRODUCTO (NOMBRETIPO,METODOALMACENAMIENTO,IDCATEGORIA,IDCONTENEDOR)
VALUES ('TIPO 6','REGULAR',15,6);
INSERT INTO TIPOPRODUCTO (NOMBRETIPO,METODOALMACENAMIENTO,IDCATEGORIA,IDCONTENEDOR)
VALUES ('TIPO 7','REGULAR',14,7);
INSERT INTO TIPOPRODUCTO (NOMBRETIPO,METODOALMACENAMIENTO,IDCATEGORIA,IDCONTENEDOR)
VALUES ('TIPO 8','REGULAR',13,8);
INSERT INTO TIPOPRODUCTO (NOMBRETIPO,METODOALMACENAMIENTO,IDCATEGORIA,IDCONTENEDOR)
VALUES ('TIPO 9','REGULAR',12,9);
INSERT INTO TIPOPRODUCTO (NOMBRETIPO,METODOALMACENAMIENTO,IDCATEGORIA,IDCONTENEDOR)
VALUES ('TIPO 10','REGULAR',11,10);
INSERT INTO TIPOPRODUCTO (NOMBRETIPO,METODOALMACENAMIENTO,IDCATEGORIA,IDCONTENEDOR)
VALUES ('TIPO 11','REGULAR',10,11);
INSERT INTO TIPOPRODUCTO (NOMBRETIPO,METODOALMACENAMIENTO,IDCATEGORIA,IDCONTENEDOR)
VALUES ('TIPO 12','REGULAR',9,12);
INSERT INTO TIPOPRODUCTO (NOMBRETIPO,METODOALMACENAMIENTO,IDCATEGORIA,IDCONTENEDOR)
VALUES ('TIPO 13','REGULAR',8,13);
INSERT INTO TIPOPRODUCTO (NOMBRETIPO,METODOALMACENAMIENTO,IDCATEGORIA,IDCONTENEDOR)
VALUES ('TIPO 14','REGULAR',7,14);
INSERT INTO TIPOPRODUCTO (NOMBRETIPO,METODOALMACENAMIENTO,IDCATEGORIA,IDCONTENEDOR)
VALUES ('TIPO 15','REGULAR',6,15);
INSERT INTO TIPOPRODUCTO (NOMBRETIPO,METODOALMACENAMIENTO,IDCATEGORIA,IDCONTENEDOR)
VALUES ('TIPO 16','REGULAR',5,16);
INSERT INTO TIPOPRODUCTO (NOMBRETIPO,METODOALMACENAMIENTO,IDCATEGORIA,IDCONTENEDOR)
VALUES ('TIPO 17','REGULAR',4,17);
INSERT INTO TIPOPRODUCTO (NOMBRETIPO,METODOALMACENAMIENTO,IDCATEGORIA,IDCONTENEDOR)
VALUES ('TIPO 18','REGULAR',3,18);
INSERT INTO TIPOPRODUCTO (NOMBRETIPO,METODOALMACENAMIENTO,IDCATEGORIA,IDCONTENEDOR)
VALUES ('TIPO 19','REGULAR',2,19);
INSERT INTO TIPOPRODUCTO (NOMBRETIPO,METODOALMACENAMIENTO,IDCATEGORIA,IDCONTENEDOR)
VALUES ('TIPO 20','REGULAR',1,20);

--------------------------------------PRODUCTO PROVEEDOR------------------------------
INSERT INTO PRODUCTOPROVEEDOR (ID,NOMBRE,PRECIOUNIDAD,CALIFICACIONDECALIDAD,FECHADEVENCIMIENTO,CANTIDADUNIDADES,NITPROVEEDOR)
VALUES (1,'GASEOSA',5000,5,TO_DATE('01/01/2019', 'DD/MM/YYYY'),100,10000);
INSERT INTO PRODUCTOPROVEEDOR (ID,NOMBRE,PRECIOUNIDAD,CALIFICACIONDECALIDAD,FECHADEVENCIMIENTO,CANTIDADUNIDADES,NITPROVEEDOR)
VALUES (2,'DETERGENTE',75000,5,TO_DATE('01/01/2019', 'DD/MM/YYYY'),100,10001);
INSERT INTO PRODUCTOPROVEEDOR (ID,NOMBRE,PRECIOUNIDAD,CALIFICACIONDECALIDAD,FECHADEVENCIMIENTO,CANTIDADUNIDADES,NITPROVEEDOR)
VALUES (3,'CUADERNO',10000,5,TO_DATE('01/01/2019', 'DD/MM/YYYY'),100,10002);
INSERT INTO PRODUCTOPROVEEDOR (ID,NOMBRE,PRECIOUNIDAD,CALIFICACIONDECALIDAD,FECHADEVENCIMIENTO,CANTIDADUNIDADES,NITPROVEEDOR)
VALUES (4,'JUGO',2000,5,TO_DATE('01/01/2019', 'DD/MM/YYYY'),100,10003);
INSERT INTO PRODUCTOPROVEEDOR (ID,NOMBRE,PRECIOUNIDAD,CALIFICACIONDECALIDAD,FECHADEVENCIMIENTO,CANTIDADUNIDADES,NITPROVEEDOR)
VALUES (5,'IPHONE',4000000,5,TO_DATE('01/01/2019', 'DD/MM/YYYY'),100,10004);
INSERT INTO PRODUCTOPROVEEDOR (ID,NOMBRE,PRECIOUNIDAD,CALIFICACIONDECALIDAD,FECHADEVENCIMIENTO,CANTIDADUNIDADES,NITPROVEEDOR)
VALUES (6,'MONOPOLY',120000,5,TO_DATE('01/01/2019', 'DD/MM/YYYY'),100,10005);
INSERT INTO PRODUCTOPROVEEDOR (ID,NOMBRE,PRECIOUNIDAD,CALIFICACIONDECALIDAD,FECHADEVENCIMIENTO,CANTIDADUNIDADES,NITPROVEEDOR)
VALUES (7,'TV',1500000,5,TO_DATE('01/01/2019', 'DD/MM/YYYY'),100,10006);
INSERT INTO PRODUCTOPROVEEDOR (ID,NOMBRE,PRECIOUNIDAD,CALIFICACIONDECALIDAD,FECHADEVENCIMIENTO,CANTIDADUNIDADES,NITPROVEEDOR)
VALUES (8,'XBOX',1000000,5,TO_DATE('01/01/2019', 'DD/MM/YYYY'),100,10007);
INSERT INTO PRODUCTOPROVEEDOR (ID,NOMBRE,PRECIOUNIDAD,CALIFICACIONDECALIDAD,FECHADEVENCIMIENTO,CANTIDADUNIDADES,NITPROVEEDOR)
VALUES (9,'GASEOSA',5000,5,TO_DATE('01/01/2019', 'DD/MM/YYYY'),100,10008);
INSERT INTO PRODUCTOPROVEEDOR (ID,NOMBRE,PRECIOUNIDAD,CALIFICACIONDECALIDAD,FECHADEVENCIMIENTO,CANTIDADUNIDADES,NITPROVEEDOR)
VALUES (10,'ZAPATOS',230000,5,TO_DATE('01/01/2019', 'DD/MM/YYYY'),100,10009);
INSERT INTO PRODUCTOPROVEEDOR (ID,NOMBRE,PRECIOUNIDAD,CALIFICACIONDECALIDAD,FECHADEVENCIMIENTO,CANTIDADUNIDADES,NITPROVEEDOR)
VALUES (11,'DESODORANTE',15000,5,TO_DATE('01/01/2019', 'DD/MM/YYYY'),100,10010);
INSERT INTO PRODUCTOPROVEEDOR (ID,NOMBRE,PRECIOUNIDAD,CALIFICACIONDECALIDAD,FECHADEVENCIMIENTO,CANTIDADUNIDADES,NITPROVEEDOR)
VALUES (12,'BOMBILLO',15000,5,TO_DATE('01/01/2019', 'DD/MM/YYYY'),100,10011);
INSERT INTO PRODUCTOPROVEEDOR (ID,NOMBRE,PRECIOUNIDAD,CALIFICACIONDECALIDAD,FECHADEVENCIMIENTO,CANTIDADUNIDADES,NITPROVEEDOR)
VALUES (13,'COMPUTADOR',2500000,5,TO_DATE('01/01/2019', 'DD/MM/YYYY'),100,10012);
INSERT INTO PRODUCTOPROVEEDOR (ID,NOMBRE,PRECIOUNIDAD,CALIFICACIONDECALIDAD,FECHADEVENCIMIENTO,CANTIDADUNIDADES,NITPROVEEDOR)
VALUES (14,'LAPIZ',1500,5,TO_DATE('01/01/2019', 'DD/MM/YYYY'),100,10013);
INSERT INTO PRODUCTOPROVEEDOR (ID,NOMBRE,PRECIOUNIDAD,CALIFICACIONDECALIDAD,FECHADEVENCIMIENTO,CANTIDADUNIDADES,NITPROVEEDOR)
VALUES (15,'MANI',25000,5,TO_DATE('01/01/2019', 'DD/MM/YYYY'),100,10014);
INSERT INTO PRODUCTOPROVEEDOR (ID,NOMBRE,PRECIOUNIDAD,CALIFICACIONDECALIDAD,FECHADEVENCIMIENTO,CANTIDADUNIDADES,NITPROVEEDOR)
VALUES (16,'BLANQUEADOR',55000,5,TO_DATE('01/01/2019', 'DD/MM/YYYY'),100,10015);
INSERT INTO PRODUCTOPROVEEDOR (ID,NOMBRE,PRECIOUNIDAD,CALIFICACIONDECALIDAD,FECHADEVENCIMIENTO,CANTIDADUNIDADES,NITPROVEEDOR)
VALUES (17,'ATUN',5000,5,TO_DATE('01/01/2019', 'DD/MM/YYYY'),100,10016);
INSERT INTO PRODUCTOPROVEEDOR (ID,NOMBRE,PRECIOUNIDAD,CALIFICACIONDECALIDAD,FECHADEVENCIMIENTO,CANTIDADUNIDADES,NITPROVEEDOR)
VALUES (18,'MANZANA',1000,5,TO_DATE('01/01/2019', 'DD/MM/YYYY'),100,10017);
INSERT INTO PRODUCTOPROVEEDOR (ID,NOMBRE,PRECIOUNIDAD,CALIFICACIONDECALIDAD,FECHADEVENCIMIENTO,CANTIDADUNIDADES,NITPROVEEDOR)
VALUES (19,'NARANJA',1000,5,TO_DATE('01/01/2019', 'DD/MM/YYYY'),100,10018);
INSERT INTO PRODUCTOPROVEEDOR (ID,NOMBRE,PRECIOUNIDAD,CALIFICACIONDECALIDAD,FECHADEVENCIMIENTO,CANTIDADUNIDADES,NITPROVEEDOR)
VALUES (20,'PESCADO',12000,5,TO_DATE('01/01/2019', 'DD/MM/YYYY'),100,10019);
--------------------------------------PROMOCION----------------------------------------
INSERT INTO PROMOCION (ID,DESCRIPCION,PRECIOPROMOCION,IDESTANTE)
VALUES (1,'PROMO','10000',1);
INSERT INTO PROMOCION (ID,DESCRIPCION,PRECIOPROMOCION,IDESTANTE)
VALUES (2,'PROMO','10000',2);
INSERT INTO PROMOCION (ID,DESCRIPCION,PRECIOPROMOCION,IDESTANTE)
VALUES (3,'PROMO','10000',3);
INSERT INTO PROMOCION (ID,DESCRIPCION,PRECIOPROMOCION,IDESTANTE)
VALUES (4,'PROMO','10000',4);
INSERT INTO PROMOCION (ID,DESCRIPCION,PRECIOPROMOCION,IDESTANTE)
VALUES (5,'PROMO','10000',5);
INSERT INTO PROMOCION (ID,DESCRIPCION,PRECIOPROMOCION,IDESTANTE)
VALUES (6,'PROMO','10000',6);
INSERT INTO PROMOCION (ID,DESCRIPCION,PRECIOPROMOCION,IDESTANTE)
VALUES (7,'PROMO','10000',7);
INSERT INTO PROMOCION (ID,DESCRIPCION,PRECIOPROMOCION,IDESTANTE)
VALUES (8,'PROMO','10000',8);
INSERT INTO PROMOCION (ID,DESCRIPCION,PRECIOPROMOCION,IDESTANTE)
VALUES (9,'PROMO','10000',9);
INSERT INTO PROMOCION (ID,DESCRIPCION,PRECIOPROMOCION,IDESTANTE)
VALUES (10,'PROMO','10000',10);
INSERT INTO PROMOCION (ID,DESCRIPCION,PRECIOPROMOCION,IDESTANTE)
VALUES (11,'PROMO','10000',11);
INSERT INTO PROMOCION (ID,DESCRIPCION,PRECIOPROMOCION,IDESTANTE)
VALUES (12,'PROMO','10000',12);
INSERT INTO PROMOCION (ID,DESCRIPCION,PRECIOPROMOCION,IDESTANTE)
VALUES (13,'PROMO','10000',13);
INSERT INTO PROMOCION (ID,DESCRIPCION,PRECIOPROMOCION,IDESTANTE)
VALUES (14,'PROMO','10000',14);
INSERT INTO PROMOCION (ID,DESCRIPCION,PRECIOPROMOCION,IDESTANTE)
VALUES (15,'PROMO','10000',15);
INSERT INTO PROMOCION (ID,DESCRIPCION,PRECIOPROMOCION,IDESTANTE)
VALUES (16,'PROMO','10000',16);
INSERT INTO PROMOCION (ID,DESCRIPCION,PRECIOPROMOCION,IDESTANTE)
VALUES (17,'PROMO','10000',17);
INSERT INTO PROMOCION (ID,DESCRIPCION,PRECIOPROMOCION,IDESTANTE)
VALUES (18,'PROMO','10000',18);
INSERT INTO PROMOCION (ID,DESCRIPCION,PRECIOPROMOCION,IDESTANTE)
VALUES (19,'PROMO','10000',19);
INSERT INTO PROMOCION (ID,DESCRIPCION,PRECIOPROMOCION,IDESTANTE)
VALUES (20,'PROMO','10000',20);
--------------------------------------SUCURSAL PROVEEDOR-------------------------------
INSERT INTO SUCURSALPROVEEDOR (IDSUCURSAL,NITPROVEEDOR)
VALUES (1,10000);
INSERT INTO SUCURSALPROVEEDOR (IDSUCURSAL,NITPROVEEDOR)
VALUES (2,10001);
INSERT INTO SUCURSALPROVEEDOR (IDSUCURSAL,NITPROVEEDOR)
VALUES (3,10002);
INSERT INTO SUCURSALPROVEEDOR (IDSUCURSAL,NITPROVEEDOR)
VALUES (4,10003);
INSERT INTO SUCURSALPROVEEDOR (IDSUCURSAL,NITPROVEEDOR)
VALUES (5,10004);
INSERT INTO SUCURSALPROVEEDOR (IDSUCURSAL,NITPROVEEDOR)
VALUES (6,10005);
INSERT INTO SUCURSALPROVEEDOR (IDSUCURSAL,NITPROVEEDOR)
VALUES (7,10006);
INSERT INTO SUCURSALPROVEEDOR (IDSUCURSAL,NITPROVEEDOR)
VALUES (8,10007);
INSERT INTO SUCURSALPROVEEDOR (IDSUCURSAL,NITPROVEEDOR)
VALUES (9,10008);
INSERT INTO SUCURSALPROVEEDOR (IDSUCURSAL,NITPROVEEDOR)
VALUES (10,10009);
INSERT INTO SUCURSALPROVEEDOR (IDSUCURSAL,NITPROVEEDOR)
VALUES (11,10010);
INSERT INTO SUCURSALPROVEEDOR (IDSUCURSAL,NITPROVEEDOR)
VALUES (12,10011);
INSERT INTO SUCURSALPROVEEDOR (IDSUCURSAL,NITPROVEEDOR)
VALUES (13,10012);
INSERT INTO SUCURSALPROVEEDOR (IDSUCURSAL,NITPROVEEDOR)
VALUES (14,10013);
INSERT INTO SUCURSALPROVEEDOR (IDSUCURSAL,NITPROVEEDOR)
VALUES (15,10014);
INSERT INTO SUCURSALPROVEEDOR (IDSUCURSAL,NITPROVEEDOR)
VALUES (16,10015);
INSERT INTO SUCURSALPROVEEDOR (IDSUCURSAL,NITPROVEEDOR)
VALUES (17,10016);
INSERT INTO SUCURSALPROVEEDOR (IDSUCURSAL,NITPROVEEDOR)
VALUES (18,10017);
INSERT INTO SUCURSALPROVEEDOR (IDSUCURSAL,NITPROVEEDOR)
VALUES (19,10018);
INSERT INTO SUCURSALPROVEEDOR (IDSUCURSAL,NITPROVEEDOR)
VALUES (20,10019);
--------------------------------------SUPERMERCADOCLIENTE------------------------------
INSERT INTO SUPERMERCADOCLIENTE (NITSUPERMERCADO,IDCLIENTE)
VALUES (1,1);
INSERT INTO SUPERMERCADOCLIENTE (NITSUPERMERCADO,IDCLIENTE)
VALUES (2,2);
INSERT INTO SUPERMERCADOCLIENTE (NITSUPERMERCADO,IDCLIENTE)
VALUES (3,3);
INSERT INTO SUPERMERCADOCLIENTE (NITSUPERMERCADO,IDCLIENTE)
VALUES (4,4);
INSERT INTO SUPERMERCADOCLIENTE (NITSUPERMERCADO,IDCLIENTE)
VALUES (5,5);
INSERT INTO SUPERMERCADOCLIENTE (NITSUPERMERCADO,IDCLIENTE)
VALUES (6,6);
INSERT INTO SUPERMERCADOCLIENTE (NITSUPERMERCADO,IDCLIENTE)
VALUES (7,7);
INSERT INTO SUPERMERCADOCLIENTE (NITSUPERMERCADO,IDCLIENTE)
VALUES (8,8);
INSERT INTO SUPERMERCADOCLIENTE (NITSUPERMERCADO,IDCLIENTE)
VALUES (9,9);
INSERT INTO SUPERMERCADOCLIENTE (NITSUPERMERCADO,IDCLIENTE)
VALUES (10,10);
INSERT INTO SUPERMERCADOCLIENTE (NITSUPERMERCADO,IDCLIENTE)
VALUES (11,11);
INSERT INTO SUPERMERCADOCLIENTE (NITSUPERMERCADO,IDCLIENTE)
VALUES (12,12);
INSERT INTO SUPERMERCADOCLIENTE (NITSUPERMERCADO,IDCLIENTE)
VALUES (13,13);
INSERT INTO SUPERMERCADOCLIENTE (NITSUPERMERCADO,IDCLIENTE)
VALUES (14,14);
INSERT INTO SUPERMERCADOCLIENTE (NITSUPERMERCADO,IDCLIENTE)
VALUES (15,15);
INSERT INTO SUPERMERCADOCLIENTE (NITSUPERMERCADO,IDCLIENTE)
VALUES (16,16);
INSERT INTO SUPERMERCADOCLIENTE (NITSUPERMERCADO,IDCLIENTE)
VALUES (17,17);
INSERT INTO SUPERMERCADOCLIENTE (NITSUPERMERCADO,IDCLIENTE)
VALUES (18,18);
INSERT INTO SUPERMERCADOCLIENTE (NITSUPERMERCADO,IDCLIENTE)
VALUES (19,19);
INSERT INTO SUPERMERCADOCLIENTE (NITSUPERMERCADO,IDCLIENTE)
VALUES (20,20);
--------------------------------------DESCUENTO DEL X PORCIENTO------------------------
INSERT INTO DESCUENTODELXPORCIENTO (ID,PORCENTAJE)
VALUES (1,15);
INSERT INTO DESCUENTODELXPORCIENTO (ID,PORCENTAJE)
VALUES (2,25);
INSERT INTO DESCUENTODELXPORCIENTO (ID,PORCENTAJE)
VALUES (3,45);
INSERT INTO DESCUENTODELXPORCIENTO (ID,PORCENTAJE)
VALUES (4,35);
INSERT INTO DESCUENTODELXPORCIENTO (ID,PORCENTAJE)
VALUES (5,55);
INSERT INTO DESCUENTODELXPORCIENTO (ID,PORCENTAJE)
VALUES (6,61);
INSERT INTO DESCUENTODELXPORCIENTO (ID,PORCENTAJE)
VALUES (7,75);
INSERT INTO DESCUENTODELXPORCIENTO (ID,PORCENTAJE)
VALUES (8,85);
INSERT INTO DESCUENTODELXPORCIENTO (ID,PORCENTAJE)
VALUES (9,95);
INSERT INTO DESCUENTODELXPORCIENTO (ID,PORCENTAJE)
VALUES (10,5);
INSERT INTO DESCUENTODELXPORCIENTO (ID,PORCENTAJE)
VALUES (11,10);
INSERT INTO DESCUENTODELXPORCIENTO (ID,PORCENTAJE)
VALUES (12,20);
INSERT INTO DESCUENTODELXPORCIENTO (ID,PORCENTAJE)
VALUES (13,30);
INSERT INTO DESCUENTODELXPORCIENTO (ID,PORCENTAJE)
VALUES (14,40);
INSERT INTO DESCUENTODELXPORCIENTO (ID,PORCENTAJE)
VALUES (15,50);
INSERT INTO DESCUENTODELXPORCIENTO (ID,PORCENTAJE)
VALUES (16,60);
INSERT INTO DESCUENTODELXPORCIENTO (ID,PORCENTAJE)
VALUES (17,70);
INSERT INTO DESCUENTODELXPORCIENTO (ID,PORCENTAJE)
VALUES (18,80);
INSERT INTO DESCUENTODELXPORCIENTO (ID,PORCENTAJE)
VALUES (19,90);
INSERT INTO DESCUENTODELXPORCIENTO (ID,PORCENTAJE)
VALUES (20,42);
---------------------------------------- PAGUE 1 LLEVE SEGUNDO A X PORCIENTO------------------------
INSERT INTO PAGUE1LLEVESEGUNDOAXPORCIENTO (ID,PORCENTAJE)
VALUES (1,15);
INSERT INTO PAGUE1LLEVESEGUNDOAXPORCIENTO (ID,PORCENTAJE)
VALUES (2,25);
INSERT INTO PAGUE1LLEVESEGUNDOAXPORCIENTO (ID,PORCENTAJE)
VALUES (3,45);
INSERT INTO PAGUE1LLEVESEGUNDOAXPORCIENTO (ID,PORCENTAJE)
VALUES (4,35);
INSERT INTO PAGUE1LLEVESEGUNDOAXPORCIENTO (ID,PORCENTAJE)
VALUES (5,55);
INSERT INTO PAGUE1LLEVESEGUNDOAXPORCIENTO (ID,PORCENTAJE)
VALUES (6,61);
INSERT INTO PAGUE1LLEVESEGUNDOAXPORCIENTO (ID,PORCENTAJE)
VALUES (7,75);
INSERT INTO PAGUE1LLEVESEGUNDOAXPORCIENTO (ID,PORCENTAJE)
VALUES (8,85);
INSERT INTO PAGUE1LLEVESEGUNDOAXPORCIENTO (ID,PORCENTAJE)
VALUES (9,95);
INSERT INTO PAGUE1LLEVESEGUNDOAXPORCIENTO (ID,PORCENTAJE)
VALUES (10,5);
INSERT INTO PAGUE1LLEVESEGUNDOAXPORCIENTO (ID,PORCENTAJE)
VALUES (11,10);
INSERT INTO PAGUE1LLEVESEGUNDOAXPORCIENTO (ID,PORCENTAJE)
VALUES (12,20);
INSERT INTO PAGUE1LLEVESEGUNDOAXPORCIENTO (ID,PORCENTAJE)
VALUES (13,30);
INSERT INTO PAGUE1LLEVESEGUNDOAXPORCIENTO (ID,PORCENTAJE)
VALUES (14,40);
INSERT INTO PAGUE1LLEVESEGUNDOAXPORCIENTO (ID,PORCENTAJE)
VALUES (15,50);
INSERT INTO PAGUE1LLEVESEGUNDOAXPORCIENTO (ID,PORCENTAJE)
VALUES (16,60);
INSERT INTO PAGUE1LLEVESEGUNDOAXPORCIENTO (ID,PORCENTAJE)
VALUES (17,70);
INSERT INTO PAGUE1LLEVESEGUNDOAXPORCIENTO (ID,PORCENTAJE)
VALUES (18,80);
INSERT INTO PAGUE1LLEVESEGUNDOAXPORCIENTO (ID,PORCENTAJE)
VALUES (19,90);
INSERT INTO PAGUE1LLEVESEGUNDOAXPORCIENTO (ID,PORCENTAJE)
VALUES (20,42);
--------------------------------PAGUEXCANTIDADLLEVEY---------------
INSERT INTO PAGUEXCANTIDADLLEVEY (ID,X,Y)
VALUES (1,1000,2);
INSERT INTO PAGUEXCANTIDADLLEVEY (ID,X,Y)
VALUES (2,2000,3);
INSERT INTO PAGUEXCANTIDADLLEVEY (ID,X,Y)
VALUES (3,3000,4);
INSERT INTO PAGUEXCANTIDADLLEVEY (ID,X,Y)
VALUES (4,4000,5);
INSERT INTO PAGUEXCANTIDADLLEVEY (ID,X,Y)
VALUES (5,5000,6);
INSERT INTO PAGUEXCANTIDADLLEVEY (ID,X,Y)
VALUES (6,6000,7);
INSERT INTO PAGUEXCANTIDADLLEVEY (ID,X,Y)
VALUES (7,7000,8);
INSERT INTO PAGUEXCANTIDADLLEVEY (ID,X,Y)
VALUES (8,8000,9);
INSERT INTO PAGUEXCANTIDADLLEVEY (ID,X,Y)
VALUES (9,9000,10);
INSERT INTO PAGUEXCANTIDADLLEVEY (ID,X,Y)
VALUES (10,10000,11);
INSERT INTO PAGUEXCANTIDADLLEVEY (ID,X,Y)
VALUES (11,11000,12);
INSERT INTO PAGUEXCANTIDADLLEVEY (ID,X,Y)
VALUES (12,12000,22);
INSERT INTO PAGUEXCANTIDADLLEVEY (ID,X,Y)
VALUES (13,13000,24);
INSERT INTO PAGUEXCANTIDADLLEVEY (ID,X,Y)
VALUES (14,14000,25);
INSERT INTO PAGUEXCANTIDADLLEVEY (ID,X,Y)
VALUES (15,15000,26);
INSERT INTO PAGUEXCANTIDADLLEVEY (ID,X,Y)
VALUES (16,16000,28);
INSERT INTO PAGUEXCANTIDADLLEVEY (ID,X,Y)
VALUES (17,17000,29);
INSERT INTO PAGUEXCANTIDADLLEVEY (ID,X,Y)
VALUES (18,18000,30);
INSERT INTO PAGUEXCANTIDADLLEVEY (ID,X,Y)
VALUES (19,19000,31);
INSERT INTO PAGUEXCANTIDADLLEVEY (ID,X,Y)
VALUES (20,20000,32);
------------------------------------------PAGUE X UNIDADES LLEVE Y ----------------
INSERT INTO PAGUEXUNIDADESLLEVEY (ID,X,Y)
VALUES (1,1,2);
INSERT INTO PAGUEXUNIDADESLLEVEY (ID,X,Y)
VALUES (2,2,3);
INSERT INTO PAGUEXUNIDADESLLEVEY (ID,X,Y)
VALUES (3,3,4);
INSERT INTO PAGUEXUNIDADESLLEVEY (ID,X,Y)
VALUES (4,4,5);
INSERT INTO PAGUEXUNIDADESLLEVEY (ID,X,Y)
VALUES (5,5,6);
INSERT INTO PAGUEXUNIDADESLLEVEY (ID,X,Y)
VALUES (6,6,7);
INSERT INTO PAGUEXUNIDADESLLEVEY (ID,X,Y)
VALUES (7,7,8);
INSERT INTO PAGUEXUNIDADESLLEVEY (ID,X,Y)
VALUES (8,8,9);
INSERT INTO PAGUEXUNIDADESLLEVEY (ID,X,Y)
VALUES (9,9,10);
INSERT INTO PAGUEXUNIDADESLLEVEY (ID,X,Y)
VALUES (10,10,11);
INSERT INTO PAGUEXUNIDADESLLEVEY (ID,X,Y)
VALUES (11,11,12);
INSERT INTO PAGUEXUNIDADESLLEVEY (ID,X,Y)
VALUES (12,12,22);
INSERT INTO PAGUEXUNIDADESLLEVEY (ID,X,Y)
VALUES (13,13,24);
INSERT INTO PAGUEXUNIDADESLLEVEY (ID,X,Y)
VALUES (14,14,25);
INSERT INTO PAGUEXUNIDADESLLEVEY (ID,X,Y)
VALUES (15,15,26);
INSERT INTO PAGUEXUNIDADESLLEVEY (ID,X,Y)
VALUES (16,16,28);
INSERT INTO PAGUEXUNIDADESLLEVEY (ID,X,Y)
VALUES (17,17,29);
INSERT INTO PAGUEXUNIDADESLLEVEY (ID,X,Y)
VALUES (18,18,30);
INSERT INTO PAGUEXUNIDADESLLEVEY (ID,X,Y)
VALUES (19,19,31);
INSERT INTO PAGUEXUNIDADESLLEVEY (ID,X,Y)
VALUES (20,20,32);

------------------------------------------------FACTURA PRODUCTO-----------------------------------------------------------
INSERT INTO FACTURAPRODUCTO (NUMEROFACTURA,CODIGODEBARRASPRODUCTO)
VALUES ('2001','000020');
INSERT INTO FACTURAPRODUCTO (NUMEROFACTURA,CODIGODEBARRASPRODUCTO)
VALUES ('2002','000019');
INSERT INTO FACTURAPRODUCTO (NUMEROFACTURA,CODIGODEBARRASPRODUCTO)
VALUES ('2003','000018');
INSERT INTO FACTURAPRODUCTO (NUMEROFACTURA,CODIGODEBARRASPRODUCTO)
VALUES ('2004','000017');
INSERT INTO FACTURAPRODUCTO (NUMEROFACTURA,CODIGODEBARRASPRODUCTO)
VALUES ('2005','000016');
INSERT INTO FACTURAPRODUCTO (NUMEROFACTURA,CODIGODEBARRASPRODUCTO)
VALUES ('2006','000015');
INSERT INTO FACTURAPRODUCTO (NUMEROFACTURA,CODIGODEBARRASPRODUCTO)
VALUES ('2007','000014');
INSERT INTO FACTURAPRODUCTO (NUMEROFACTURA,CODIGODEBARRASPRODUCTO)
VALUES ('2008','000013');
INSERT INTO FACTURAPRODUCTO (NUMEROFACTURA,CODIGODEBARRASPRODUCTO)
VALUES ('2009','000012');
INSERT INTO FACTURAPRODUCTO (NUMEROFACTURA,CODIGODEBARRASPRODUCTO)
VALUES ('2010','000011');
INSERT INTO FACTURAPRODUCTO (NUMEROFACTURA,CODIGODEBARRASPRODUCTO)
VALUES ('2011','000010');
INSERT INTO FACTURAPRODUCTO (NUMEROFACTURA,CODIGODEBARRASPRODUCTO)
VALUES ('2012','000009');
INSERT INTO FACTURAPRODUCTO (NUMEROFACTURA,CODIGODEBARRASPRODUCTO)
VALUES ('2013','000008');
INSERT INTO FACTURAPRODUCTO (NUMEROFACTURA,CODIGODEBARRASPRODUCTO)
VALUES ('2014','000007');
INSERT INTO FACTURAPRODUCTO (NUMEROFACTURA,CODIGODEBARRASPRODUCTO)
VALUES ('2005','000006');
INSERT INTO FACTURAPRODUCTO (NUMEROFACTURA,CODIGODEBARRASPRODUCTO)
VALUES ('2016','000005');
INSERT INTO FACTURAPRODUCTO (NUMEROFACTURA,CODIGODEBARRASPRODUCTO)
VALUES ('2017','000004');
INSERT INTO FACTURAPRODUCTO (NUMEROFACTURA,CODIGODEBARRASPRODUCTO)
VALUES ('2018','000003');
INSERT INTO FACTURAPRODUCTO (NUMEROFACTURA,CODIGODEBARRASPRODUCTO)
VALUES ('2019','000002');
INSERT INTO FACTURAPRODUCTO (NUMEROFACTURA,CODIGODEBARRASPRODUCTO)
VALUES ('2020','000001');
COMMIT;




